Country,Total cases 2023,No. of deaths (2023)
Algeria,0,0
Angola,9098004,10089
Benin,2037296,2759
Botswana,552,6
Burkina Faso,10515380,3396
Burundi,5580188,1831
Cabo Verde,0,0
Cameroon,2977754,1756
Central African Republic,1841126,2070
Chad,2159037,2864
Comoros,21049,2
Congo,517937,1361
C�te d'Ivoire,8388526,1452
Democratic Republic of the Congo,27657762,22224
Equatorial Guinea3,76921,106
Eritrea,78840,4
Eswatini,597,7
Ethiopia,0,296
Gabon,55986,205
Gambia,118293,69
Ghana,5670615,146
Guinea,2701976,1456
Guinea-Bissau,118080,318
Kenya,5619026,1060
Liberia,814113,188
Madagascar,2843012,393
Malawi,6426150,1481
Mali,3360557,1305
Mayotte,0,0
Mozambique,12870205,356
Namibia,11794,32
Niger,4409695,4633
Nigeria,24098323,5704
Rwanda,549326,35
Sao Tome and Principe,2258,0
Senegal,189628,199
Sierra Leone,2090143,2637
South Africa,5291,113
South Sudan4,3428237,1813
Togo,2366541,1281
Uganda,15968780,2793
United Republic of Tanzania,3754824,2002
Zambia,8318534,31
Zanzibar,5754,1616
Zimbabwe,246154,317
